m.0h1fn8h	Deep learning
m.0280z8	MIT Computer Science and Artificial Intelligence Laboratory
m.03y9s	Information retrieval
m.01hyh_	Machine learning
m.01_bbm	Question answering
m.0h93x	Noun phrase
m.017b3j	The Wall Street Journal
m.049w3z8	Speech Recognition
m.01xzx	Computer vision
m.0hjlw	Reinforcement learning
m.059nn	Natural language
m.0grsv6	Autoencoder
m.0_lm0yb	Ontology Systems
m.0g57xn	Sentiment analysis
m.01pf4l	SAP SE
m.02qmzyq	Long short term memory
m.05flf	Natural language processing
m.076k0	Semantic Web
m.0gyvy46	Massive open online course
m.03j0x	Humanâ€“computer interaction
m.064dh3	Eye movement
m.031f5p	Cluster analysis
m.07pr575	semantic relation.noun.01
m.015xs6	Efficient-market hypothesis
m.0fsz7r	The Word
m.07yl0	Vector space
m.0176ty	Estimation
m.064r8p6	Mental representation
m.0bs2j8q	Big data
m.025t8qq	North Queensland
m.0270bhc	Fusionism
m.03x_t5q	Object detection
m.05dhw	Artificial neural network
m.0262_1n	Implicit solvation
m.01rl3g	Maxima and minima
m.02gd8g	Information geometry
m.02s06c	Image
m.02sp_v	Grammy Award for Best Music Film
m.0cm90cn	Panorama, Cape Town
m.0jt3_q3	Data science
m.0h0v_v	Statistical parsing
m.05m9sn3	Semantic Technology Conference
m.0lqtr	Augmented reality
m.07q284m	data encryption.noun.01
m.01rkh6l	Imbalanced
m.02ttd9	Recommender system
m.01q0j8	Mixture
m.06w4gkl	Inverse
m.0b6vrv	Inductive transfer
m.0gsgr	CNN
m.02jj2w	Image segmentation
m.06g1vhm	dynamic programming
m.04gk4ls	Natural language user interface
m.0mkz	Artificial intelligence
m.05sfxb	Visual Prolog
m.01m3jv2	Contact
m.01klyk	Prediction
m.0582c	Malware
m.041r19	Jacuzzi
m.02wxbd	Computer forensics
m.0fskw9h	Words
m.03rpcz	Keynote
m.06kwlsy	Information Theory
m.025rqlz	Morphology
m.01r_h	Category theory
m.0cgts80	Graph theory
m.0100p8rh	Smart thermostat
m.0ktnkmc	Vulnerability
m.02ph2	Exploit
m.020mfr	Video game industry
m.05gl9f	Hospitality management studies
m.073ns	Synchronization
m.01b23t	Evolutionary algorithm
m.0dr_0yl	Spatial
m.0bstfx	Composition studies
m.0355y7	Church service
m.01j4bc	Mobile payment
m.0gzw6z	Elmer Gantry
m.02wchwx	Axis Bank
m.02kdls	Hutchison 3G
m.0fswxg	Softmax function
m.0jl8r	Categorization
m.068jsn	Link aggregation
m.0168hv	Cost
m.01lm9y	varieties of Chinese
m.0f_14n_	Depth
m.04wn_3	Toy camera
m.02fkdb	Traffic analysis
m.03yqv	Internet Protocol
m.03wtp3	Lifelong learning
m.0nfwmd0	The Collective
m.026x2jj	Robust optimization
m.0h3wrl9	Production Planning and Control
m.010gpp	Memory hierarchy
m.0pqwt	Pearson hashing
m.0b2g1h	Comparability
m.0gw___t	Corpora in Translation Studies
m.0jwvf5b	Knowledge Graph
m.083br0	Job hunting
m.02_myr	Intelligence, surveillance, target acquisition, and reconnaissance
m.02q7z	Elliptic curve cryptography
m.01gl0f	Parametric statistics
m.024354	Maximum flow problem
m.0kynl67	Deep
m.017xbml	Weight
m.06zsn1v	USNS Grasp (T-ARS-51)
m.026_nb5	Dirichlet process
m.0n5xp	Object Linking and Embedding
m.01w3nx	Graph drawing
m.0105ntqp	Robust principal component analysis
m.08thrh	Differential evolution
m.0260j49	Autodesk Revit
m.0dvj7tx	Document
m.02xntw	Logical atomism
m.02v74t	Duality
m.0k0r5h1	Variable neighborhood search
m.0c3qfnq	Urban public transportation
m.03p39fw	TeleCommunication Systems
m.0j9kbbz	Coursera
m.0jt8j1b	edX
m.080955	Volume license key
m.01jnzj	Construction
m.02prgkk	The Go Game
m.023pcn	Trait theory
m.02p3bs5	Sparse
m.01ht9r	Hypergraph
m.02r05_z	Directed
m.018y_6	Inventory
m.03yb8hb	Clojure
m.024hw2	Time series
m.0b6xt	Convolutional code